cum_buys_sol,entry_price_sol,tokens_for_1sol,eff_cost_sol,price_after_sol,nav_sol,redeem_price_after_fees_sol,backing_pct,pool_sol,instant_roundtrip_sol,instant_pnl_pct
1,1e-05,95268.38847,1.049666123e-05,1.027007467e-05,1.049666123e-05,9.866861559e-06,102.2062796,1,0.94,-6
2,1.027007467e-05,89709.04976,1.114714739e-05,1.054744337e-05,1.081212941e-05,1.016340165e-05,102.5094805,2,0.9117491039,-8.825089614
3,1.054744337e-05,88378.91822,1.131491559e-05,1.08323031e-05,1.097468535e-05,1.031620423e-05,101.3144227,3,0.9117349697,-8.826503026
4,1.08323031e-05,87485.47708,1.143046862e-05,1.112485616e-05,1.108518921e-05,1.042007786e-05,99.64343851,4,0.9116054826,-8.839451736
5,1.112485616e-05,86036.65657,1.162295282e-05,1.142531035e-05,1.11887238e-05,1.051740038e-05,97.92927687,5,0.9048819642,-9.511803582
6,1.142531035e-05,83774.12954,1.193685933e-05,1.173387904e-05,1.130683196e-05,1.062842204e-05,96.36056348,6,0.8903868051,-10.96131949
7,1.173387904e-05,81571.10074,1.225924367e-05,1.205078139e-05,1.143372883e-05,1.07477051e-05,94.87956388,7,0.8767021352,-12.32978648
8,1.205078139e-05,79545.60187,1.257140529e-05,1.234526486e-05,1.156454868e-05,1.087067576e-05,93.67598674,8,0.8647144458,-13.52855542
9,1.234526486e-05,78269.28655,1.277640367e-05,1.247985346e-05,1.168772565e-05,1.098646211e-05,93.6527475,9,0.8599025512,-14.00974488
10,1.247985346e-05,77457.53357,1.291030006e-05,1.260482166e-05,1.179946374e-05,1.109149591e-05,93.61071549,10,0.8591199171,-14.08800829
11,1.260482166e-05,76728.6804,1.303293625e-05,1.271553726e-05,1.190186601e-05,1.118775405e-05,93.60096836,11,0.8584216046,-14.15783954
12,1.271553726e-05,76080.47412,1.314397697e-05,1.281758526e-05,1.199633756e-05,1.12765573e-05,93.59280485,12,0.857925826,-14.2074174
13,1.281758526e-05,75491.25574,1.32465673e-05,1.29122807e-05,1.208406921e-05,1.135902506e-05,93.58586214,13,0.8575070657,-14.24929343
14,1.29122807e-05,74951.53254,1.334195534e-05,1.300065595e-05,1.216599895e-05,1.143603902e-05,93.57988552,14,0.8571486505,-14.28513495
15,1.300065595e-05,74453.91021,1.343112803e-05,1.308353748e-05,1.224287918e-05,1.150830643e-05,93.57468651,15,0.8568384135,-14.31615865
16,1.308353748e-05,73992.51832,1.351487992e-05,1.316159752e-05,1.231532294e-05,1.157640357e-05,93.57012267,16,0.8565672529,-14.34327471
17,1.316159752e-05,73562.62065,1.359386046e-05,1.323539043e-05,1.238383657e-05,1.164080637e-05,93.56608432,17,0.8563282233,-14.36717767
18,1.323539043e-05,73160.34221,1.366860747e-05,1.330537891e-05,1.244884324e-05,1.170191264e-05,93.56248566,18,0.8561159335,-14.38840665
19,1.330537891e-05,72782.47353,1.373957151e-05,1.337195328e-05,1.251070035e-05,1.176005833e-05,93.55925861,19,0.8559261342,-14.40738658
20,1.337195328e-05,72426.32733,1.380713391e-05,1.343544591e-05,1.256971259e-05,1.181552983e-05,93.55634844,20,0.8557554313,-14.42445687
21,1.343544591e-05,72089.63169,1.387162032e-05,1.349614223e-05,1.262614185e-05,1.186857334e-05,93.55371067,21,0.8556010809,-14.43989191
22,1.349614223e-05,71770.44915,1.393331116e-05,1.355428923e-05,1.268021497e-05,1.191940208e-05,93.55130878,22,0.8554608406,-14.45391594
23,1.355428923e-05,71467.11451,1.399244963e-05,1.361010213e-05,1.273212975e-05,1.196820196e-05,93.54911247,23,0.8553328603,-14.46671397
24,1.361010213e-05,71178.1864,1.40492481e-05,1.366376959e-05,1.278205972e-05,1.201513614e-05,93.54709645,24,0.8552155996,-14.47844004
25,1.366376959e-05,70902.4091,1.410389312e-05,1.3715458e-05,1.283015802e-05,1.206034854e-05,93.54523939,25,0.8551077659,-14.48922341
26,1.3715458e-05,70638.68219,1.415654948e-05,1.376531482e-05,1.287656046e-05,1.210396683e-05,93.54352321,26,0.8550082664,-14.49917336
27,1.376531482e-05,70386.0361,1.42073635e-05,1.381347139e-05,1.292138808e-05,1.21461048e-05,93.54193246,27,0.8549161707,-14.50838293
28,1.381347139e-05,70143.61227,1.425646567e-05,1.386004524e-05,1.296474922e-05,1.218686427e-05,93.54045388,28,0.8548306822,-14.51693178
29,1.386004524e-05,69910.64695,1.430397291e-05,1.390514191e-05,1.300674126e-05,1.222633679e-05,93.53907601,29,0.8547511145,-14.52488855
30,1.390514191e-05,69686.4578,1.434999039e-05,1.39488566e-05,1.304745204e-05,1.226460492e-05,93.5377889,30,0.8546768731,-14.53231269
31,1.39488566e-05,69470.43282,1.439461307e-05,1.399127545e-05,1.308696109e-05,1.230174343e-05,93.53658387,31,0.8546074404,-14.53925596
32,1.399127545e-05,69262.02103,1.443792695e-05,1.403247667e-05,1.312534067e-05,1.233782023e-05,93.53545331,32,0.854542364,-14.5457636
33,1.403247667e-05,69060.72469,1.448001023e-05,1.407253151e-05,1.316265658e-05,1.237289719e-05,93.53439053,33,0.8544812464,-14.55187536
34,1.407253151e-05,68866.09269,1.452093419e-05,1.411150505e-05,1.319896899e-05,1.240703086e-05,93.5333896,34,0.8544237369,-14.55762631
35,1.411150505e-05,68677.71496,1.456076401e-05,1.414945688e-05,1.323433301e-05,1.244027303e-05,93.53244529,35,0.8543695252,-14.56304748
36,1.414945688e-05,68495.21763,1.459955942e-05,1.418644174e-05,1.326879926e-05,1.247267131e-05,93.53155292,36,0.8543183356,-14.56816644
37,1.418644174e-05,68318.25895,1.463737536e-05,1.422251003e-05,1.330241437e-05,1.250426951e-05,93.53070832,37,0.8542699222,-14.57300778
38,1.422251003e-05,68146.52574,1.467426239e-05,1.425770823e-05,1.333522136e-05,1.253510808e-05,93.52990775,38,0.8542240652,-14.57759348
39,1.425770823e-05,67979.73029,1.471026725e-05,1.429207935e-05,1.336726002e-05,1.256522442e-05,93.52914786,39,0.8541805672,-14.58194328
40,1.429207935e-05,67817.6077,1.474543314e-05,1.43256632e-05,1.339856725e-05,1.259465322e-05,93.52842562,40,0.8541392508,-14.58607492
41,1.43256632e-05,67659.91354,1.477980015e-05,1.435849678e-05,1.342917729e-05,1.262342665e-05,93.52773831,41,0.854099956,-14.5900044
42,1.435849678e-05,67506.42184,1.481340549e-05,1.439061447e-05,1.345912201e-05,1.265157469e-05,93.52708345,42,0.8540625378,-14.59374622
43,1.439061447e-05,67356.92323,1.484628383e-05,1.442204834e-05,1.34884311e-05,1.267912523e-05,93.5264588,43,0.8540268649,-14.59731351
44,1.442204834e-05,67211.22342,1.487846745e-05,1.445282829e-05,1.351713229e-05,1.270610435e-05,93.52586231,44,0.8539928181,-14.60071819
45,1.445282829e-05,67069.14177,1.490998653e-05,1.448298228e-05,1.354525149e-05,1.27325364e-05,93.52529212,45,0.8539602887,-14.60397113
46,1.448298228e-05,66930.51004,1.494086926e-05,1.45125365e-05,1.357281297e-05,1.27584442e-05,93.52474653,46,0.8539291773,-14.60708227
47,1.45125365e-05,66795.17131,1.497114208e-05,1.454151548e-05,1.359983951e-05,1.278384914e-05,93.52422398,47,0.8538993933,-14.61006067
48,1.454151548e-05,66662.97899,1.500082977e-05,1.456994229e-05,1.362635247e-05,1.280877132e-05,93.52372304,48,0.8538708535,-14.61291465
49,1.456994229e-05,66533.79591,1.502995562e-05,1.459783857e-05,1.365237195e-05,1.283322964e-05,93.5232424,49,0.8538434816,-14.61565184
50,1.459783857e-05,66407.49359,1.505854153e-05,1.462522474e-05,1.367791689e-05,1.285724187e-05,93.52278084,50,0.8538172072,-14.61827928
51,1.462522474e-05,66283.95145,1.508660812e-05,1.465212002e-05,1.370300511e-05,1.28808248e-05,93.52233727,51,0.8537919656,-14.62080344
52,1.465212002e-05,66163.05627,1.511417483e-05,1.467854256e-05,1.372765345e-05,1.290399424e-05,93.52191063,52,0.8537676972,-14.62323028
53,1.467854256e-05,66044.70152,1.514126004e-05,1.470450948e-05,1.375187783e-05,1.292676516e-05,93.52149999,53,0.8537443467,-14.62556533
54,1.470450948e-05,65928.78692,1.516788108e-05,1.473003701e-05,1.377569329e-05,1.29491517e-05,93.52110445,54,0.8537218631,-14.62781369
55,1.473003701e-05,65815.21791,1.519405438e-05,1.475514048e-05,1.379911409e-05,1.297116725e-05,93.5207232,55,0.8537001988,-14.62998012
56,1.475514048e-05,65703.90525,1.521979548e-05,1.477983446e-05,1.382215372e-05,1.29928245e-05,93.52035549,56,0.85367931,-14.632069
57,1.477983446e-05,65594.76464,1.524511911e-05,1.480413272e-05,1.384482501e-05,1.301413551e-05,93.52000059,57,0.8536591557,-14.63408443
58,1.480413272e-05,65487.71634,1.527003927e-05,1.482804838e-05,1.386714011e-05,1.303511171e-05,93.51965786,58,0.8536396978,-14.63603022
59,1.482804838e-05,65382.68486,1.529456923e-05,1.485159388e-05,1.38891106e-05,1.305576397e-05,93.51932668,59,0.853620901,-14.6379099
60,1.485159388e-05,65279.59867,1.531872163e-05,1.487478108e-05,1.391074748e-05,1.307610263e-05,93.51900647,60,0.8536027319,-14.63972681
61,1.487478108e-05,65178.38994,1.534250847e-05,1.489762124e-05,1.393206122e-05,1.309613755e-05,93.5186967,61,0.8535851598,-14.64148402
62,1.489762124e-05,65078.99426,1.536594121e-05,1.492012511e-05,1.395306181e-05,1.31158781e-05,93.51839686,62,0.8535681557,-14.64318443
63,1.492012511e-05,64981.35044,1.538903075e-05,1.494230293e-05,1.397375876e-05,1.313533324e-05,93.51810649,63,0.8535516924,-14.64483076
64,1.494230293e-05,64885.4003,1.541178748e-05,1.496416448e-05,1.399416117e-05,1.31545115e-05,93.51782514,64,0.8535357446,-14.64642554
65,1.496416448e-05,64791.08845,1.543422134e-05,1.49857191e-05,1.401427771e-05,1.317342105e-05,93.5175524,65,0.8535202884,-14.64797116
66,1.49857191e-05,64698.36215,1.545634181e-05,1.500697571e-05,1.403411668e-05,1.319206968e-05,93.51728788,66,0.8535053015,-14.64946985
67,1.500697571e-05,64607.17114,1.547815796e-05,1.502794284e-05,1.4053686e-05,1.321046484e-05,93.51703122,67,0.8534907628,-14.65092372
68,1.502794284e-05,64517.46747,1.549967845e-05,1.504862866e-05,1.407299327e-05,1.322861367e-05,93.51678206,68,0.8534766524,-14.65233476
69,1.504862866e-05,64429.20536,1.552091159e-05,1.506904099e-05,1.409204576e-05,1.324652302e-05,93.51654009,69,0.8534629518,-14.65370482
70,1.506904099e-05,64342.3411,1.554186532e-05,1.508918733e-05,1.411085044e-05,1.326419942e-05,93.516305,70,0.8534496433,-14.65503567
71,1.508918733e-05,64256.8329,1.556254728e-05,1.510907485e-05,1.412941399e-05,1.328164915e-05,93.5160765,71,0.8534367104,-14.65632896
72,1.510907485e-05,64172.6408,1.558296476e-05,1.512871045e-05,1.414774283e-05,1.329887826e-05,93.51585431,72,0.8534241373,-14.65758627
73,1.512871045e-05,64089.72653,1.560312478e-05,1.514810075e-05,1.416584309e-05,1.331589251e-05,93.51563818,73,0.8534119093,-14.65880907
74,1.514810075e-05,64008.05348,1.562303407e-05,1.516725211e-05,1.418372071e-05,1.333269746e-05,93.51542786,74,0.8534000123,-14.65999877
75,1.516725211e-05,63927.58655,1.564269909e-05,1.518617063e-05,1.420138135e-05,1.334929847e-05,93.51522313,75,0.8533884331,-14.66115669
76,1.518617063e-05,63848.29207,1.566212607e-05,1.520486218e-05,1.421883048e-05,1.336570065e-05,93.51502376,76,0.8533771591,-14.66228409
77,1.520486218e-05,63770.13778,1.568132099e-05,1.522333242e-05,1.423607337e-05,1.338190896e-05,93.51482954,77,0.8533661784,-14.66338216
78,1.522333242e-05,63693.09267,1.570028959e-05,1.524158679e-05,1.425311506e-05,1.339792816e-05,93.51464028,78,0.8533554797,-14.66445203
79,1.524158679e-05,63617.12701,1.571903742e-05,1.525963052e-05,1.426996044e-05,1.341376281e-05,93.51445579,79,0.8533450523,-14.66549477
80,1.525963052e-05,63542.21218,1.573756981e-05,1.527746866e-05,1.428661419e-05,1.342941734e-05,93.51427589,80,0.8533348859,-14.66651141
81,1.527746866e-05,63468.32071,1.57558919e-05,1.529510607e-05,1.430308085e-05,1.3444896e-05,93.51410042,81,0.853324971,-14.6675029
82,1.529510607e-05,63395.42615,1.577400864e-05,1.531254744e-05,1.431936478e-05,1.346020289e-05,93.5139292,82,0.8533152982,-14.66847018
83,1.531254744e-05,63323.50307,1.579192482e-05,1.532979731e-05,1.433547019e-05,1.347534197e-05,93.5137621,83,0.8533058589,-14.66941411
84,1.532979731e-05,63252.52697,1.580964505e-05,1.534686003e-05,1.435140114e-05,1.349031708e-05,93.51359895,84,0.8532966447,-14.67033553
85,1.534686003e-05,63182.47426,1.582717378e-05,1.536373984e-05,1.436716158e-05,1.350513188e-05,93.51343963,85,0.8532876476,-14.67123524
86,1.536373984e-05,63113.32221,1.584451531e-05,1.538044079e-05,1.438275528e-05,1.351978996e-05,93.513284,86,0.85327886,-14.672114
87,1.538044079e-05,63045.0489,1.586167379e-05,1.539696684e-05,1.439818591e-05,1.353429476e-05,93.51313193,87,0.8532702747,-14.67297253
88,1.539696684e-05,62977.63319,1.587865325e-05,1.541332178e-05,1.441345702e-05,1.35486496e-05,93.5129833,88,0.8532618848,-14.67381152
89,1.541332178e-05,62911.0547,1.589545756e-05,1.54295093e-05,1.442857204e-05,1.356285772e-05,93.512838,89,0.8532536837,-14.67463163
90,1.54295093e-05,62845.29373,1.591209048e-05,1.544553297e-05,1.444353428e-05,1.357692223e-05,93.51269592,90,0.8532456651,-14.67543349
91,1.544553297e-05,62780.33127,1.592855564e-05,1.546139623e-05,1.445834696e-05,1.359084614e-05,93.51255695,91,0.853237823,-14.6762177
92,1.546139623e-05,62716.14897,1.594485657e-05,1.547710243e-05,1.447301318e-05,1.360463239e-05,93.51242098,92,0.8532301516,-14.67698484
93,1.547710243e-05,62652.72907,1.596099667e-05,1.549265479e-05,1.448753596e-05,1.36182838e-05,93.51228793,93,0.8532226454,-14.67773546
94,1.549265479e-05,62590.05443,1.597697924e-05,1.550805646e-05,1.450191821e-05,1.363180312e-05,93.5121577,94,0.8532152991,-14.67847009
95,1.550805646e-05,62528.10845,1.599280747e-05,1.552331046e-05,1.451616277e-05,1.3645193e-05,93.5120302,95,0.8532081076,-14.67918924
96,1.552331046e-05,62466.87507,1.600848448e-05,1.553841975e-05,1.453027237e-05,1.365845603e-05,93.51190535,96,0.8532010662,-14.67989338
97,1.553841975e-05,62406.33877,1.602401326e-05,1.555338718e-05,1.454424968e-05,1.36715947e-05,93.51178306,97,0.8531941702,-14.68058298
98,1.555338718e-05,62346.48451,1.603939673e-05,1.556821552e-05,1.455809727e-05,1.368461144e-05,93.51166326,98,0.853187415,-14.6812585
99,1.556821552e-05,62287.29772,1.605463773e-05,1.558290747e-05,1.457181766e-05,1.36975086e-05,93.51154587,99,0.8531807965,-14.68192035
100,1.558290747e-05,62228.7643,1.606973899e-05,1.559746563e-05,1.458541328e-05,1.371028848e-05,93.51143082,100,0.8531743105,-14.68256895
101,1.559746563e-05,62170.87056,1.608470319e-05,1.561189254e-05,1.459888649e-05,1.37229533e-05,93.51131804,101,0.8531679532,-14.68320468
102,1.561189254e-05,62113.60326,1.609953291e-05,1.562619067e-05,1.461223957e-05,1.37355052e-05,93.51120746,102,0.8531617206,-14.68382794
103,1.562619067e-05,62056.94954,1.611423068e-05,1.56403624e-05,1.462547478e-05,1.374794629e-05,93.51109903,103,0.8531556092,-14.68443908
104,1.56403624e-05,62000.89694,1.612879893e-05,1.565441007e-05,1.463859426e-05,1.37602786e-05,93.51099267,104,0.8531496154,-14.68503846
105,1.565441007e-05,61945.43337,1.614324004e-05,1.566833594e-05,1.465160012e-05,1.377250412e-05,93.51088833,105,0.853143736,-14.6856264
106,1.566833594e-05,61890.54707,1.615755632e-05,1.56821422e-05,1.466449443e-05,1.378462476e-05,93.51078595,106,0.8531379676,-14.68620324
107,1.56821422e-05,61836.22666,1.617175003e-05,1.5695831e-05,1.467727916e-05,1.379664241e-05,93.51068548,107,0.8531323072,-14.68676928
108,1.5695831e-05,61782.46106,1.618582334e-05,1.570940442e-05,1.468995626e-05,1.380855889e-05,93.51058687,108,0.8531267517,-14.68732483
109,1.570940442e-05,61729.23953,1.619977838e-05,1.572286447e-05,1.470252762e-05,1.382037596e-05,93.51049005,109,0.8531212982,-14.68787018
110,1.572286447e-05,61676.55162,1.621361723e-05,1.573621315e-05,1.471499507e-05,1.383209537e-05,93.510395,110,0.8531159441,-14.68840559
111,1.573621315e-05,61624.38718,1.62273419e-05,1.574945236e-05,1.472736041e-05,1.384371879e-05,93.51030165,111,0.8531106865,-14.68893135
112,1.574945236e-05,61572.73634,1.624095435e-05,1.576258398e-05,1.473962537e-05,1.385524785e-05,93.51020996,112,0.8531055229,-14.68944771
113,1.576258398e-05,61521.5895,1.625445649e-05,1.577560983e-05,1.475179166e-05,1.386668416e-05,93.51011989,113,0.8531004507,-14.68995493
114,1.577560983e-05,61470.93733,1.62678502e-05,1.578853168e-05,1.476386093e-05,1.387802927e-05,93.51003139,114,0.8530954677,-14.69045323
115,1.578853168e-05,61420.77075,1.628113727e-05,1.580135127e-05,1.477583479e-05,1.38892847e-05,93.50994443,115,0.8530905714,-14.69094286
116,1.580135127e-05,61371.08092,1.629431949e-05,1.581407027e-05,1.478771481e-05,1.390045192e-05,93.50985896,116,0.8530857597,-14.69142403
117,1.581407027e-05,61321.85923,1.630739858e-05,1.582669035e-05,1.479950253e-05,1.391153238e-05,93.50977495,117,0.8530810302,-14.69189698
118,1.582669035e-05,61273.09733,1.632037621e-05,1.58392131e-05,1.481119944e-05,1.392252747e-05,93.50969236,118,0.853076381,-14.6923619
119,1.58392131e-05,61224.78705,1.633325403e-05,1.585164008e-05,1.4822807e-05,1.393343858e-05,93.50961116,119,0.8530718101,-14.69281899
120,1.585164008e-05,61176.92044,1.634603365e-05,1.586397283e-05,1.483432664e-05,1.394426704e-05,93.5095313,120,0.8530673154,-14.69326846
121,1.586397283e-05,61129.48978,1.635871661e-05,1.587621283e-05,1.484575974e-05,1.395501415e-05,93.50945276,121,0.853062895,-14.6937105
122,1.587621283e-05,61082.48752,1.637130445e-05,1.588836154e-05,1.485710765e-05,1.396568119e-05,93.5093755,122,0.8530585472,-14.69414528
123,1.588836154e-05,61035.90632,1.638379866e-05,1.590042037e-05,1.486837171e-05,1.397626941e-05,93.5092995,123,0.8530542702,-14.69457298
124,1.590042037e-05,60989.739,1.639620068e-05,1.591239072e-05,1.48795532e-05,1.398678001e-05,93.50922472,124,0.8530500622,-14.69499378
125,1.591239072e-05,60943.97859,1.640851193e-05,1.592427394e-05,1.489065339e-05,1.399721418e-05,93.50915113,125,0.8530459216,-14.69540784
126,1.592427394e-05,60898.61828,1.642073381e-05,1.593607135e-05,1.49016735e-05,1.400757309e-05,93.5090787,126,0.8530418468,-14.69581532
127,1.593607135e-05,60853.6514,1.643286766e-05,1.594778425e-05,1.491261476e-05,1.401785787e-05,93.50900742,127,0.8530378362,-14.69621638
128,1.594778425e-05,60809.0715,1.64449148e-05,1.595941389e-05,1.492347832e-05,1.402806962e-05,93.50893724,128,0.8530338884,-14.69661116
129,1.595941389e-05,60764.87222,1.645687654e-05,1.597096151e-05,1.493426534e-05,1.403820942e-05,93.50886815,129,0.8530300018,-14.69699982
130,1.597096151e-05,60721.04741,1.646875412e-05,1.598242832e-05,1.494497696e-05,1.404827834e-05,93.50880012,130,0.8530261751,-14.69738249
131,1.598242832e-05,60677.59104,1.64805488e-05,1.59938155e-05,1.495561426e-05,1.40582774e-05,93.50873312,131,0.8530224068,-14.69775932
132,1.59938155e-05,60634.49721,1.649226177e-05,1.600512421e-05,1.496617832e-05,1.406820762e-05,93.50866714,132,0.8530186957,-14.69813043
133,1.600512421e-05,60591.76018,1.650389421e-05,1.601635556e-05,1.49766702e-05,1.407806999e-05,93.50860215,133,0.8530150405,-14.69849595
134,1.601635556e-05,60549.37434,1.651544729e-05,1.602751067e-05,1.498709092e-05,1.408786547e-05,93.50853812,134,0.8530114399,-14.69885601
135,1.602751067e-05,60507.33419,1.652692212e-05,1.603859061e-05,1.49974415e-05,1.409759501e-05,93.50847504,135,0.8530078926,-14.69921074
136,1.603859061e-05,60465.63439,1.653831983e-05,1.604959645e-05,1.500772292e-05,1.410725954e-05,93.50841289,136,0.8530043976,-14.69956024
137,1.604959645e-05,60424.26969,1.654964148e-05,1.606052921e-05,1.501793613e-05,1.411685996e-05,93.50835164,137,0.8530009536,-14.69990464
138,1.606052921e-05,60383.23498,1.656088814e-05,1.607138992e-05,1.502808209e-05,1.412639717e-05,93.50829127,138,0.8529975596,-14.70024404
139,1.607138992e-05,60342.52524,1.657206085e-05,1.608217955e-05,1.503816173e-05,1.413587202e-05,93.50823177,139,0.8529942145,-14.70057855
140,1.608217955e-05,60302.1356,1.658316061e-05,1.609289909e-05,1.504817594e-05,1.414528538e-05,93.50817312,140,0.8529909172,-14.70090828
141,1.609289909e-05,60262.06126,1.659418843e-05,1.610354947e-05,1.505812561e-05,1.415463807e-05,93.5081153,141,0.8529876667,-14.70123333
142,1.610354947e-05,60222.29754,1.660514528e-05,1.611413165e-05,1.506801161e-05,1.416393092e-05,93.5080583,142,0.852984462,-14.7015538
143,1.611413165e-05,60182.83987,1.661603211e-05,1.612464651e-05,1.50778348e-05,1.417316471e-05,93.50800208,143,0.8529813022,-14.70186978
144,1.612464651e-05,60143.68376,1.662684986e-05,1.613509497e-05,1.5087596e-05,1.418234024e-05,93.50794665,144,0.8529781864,-14.70218136
145,1.613509497e-05,60104.82484,1.663759944e-05,1.61454779e-05,1.509729603e-05,1.419145827e-05,93.50789198,145,0.8529751135,-14.70248865
146,1.61454779e-05,60066.25881,1.664828174e-05,1.615579614e-05,1.51069357e-05,1.420051955e-05,93.50783806,146,0.8529720827,-14.70279173
147,1.615579614e-05,60027.98148,1.665889766e-05,1.616605056e-05,1.511651578e-05,1.420952483e-05,93.50778486,147,0.8529690933,-14.70309067
148,1.616605056e-05,59989.98873,1.666944804e-05,1.617624196e-05,1.512603704e-05,1.421847482e-05,93.50773239,148,0.8529661442,-14.70338558
149,1.617624196e-05,59952.27654,1.667993373e-05,1.618637116e-05,1.513550025e-05,1.422737024e-05,93.50768062,149,0.8529632348,-14.70367652
150,1.618637116e-05,59914.84098,1.669035557e-05,1.619643896e-05,1.514490614e-05,1.423621177e-05,93.50762953,150,0.8529603642,-14.70396358
151,1.619643896e-05,59877.67817,1.670071436e-05,1.620644612e-05,1.515425543e-05,1.42450001e-05,93.50757913,151,0.8529575317,-14.70424683
152,1.620644612e-05,59840.78435,1.671101091e-05,1.621639341e-05,1.516354883e-05,1.42537359e-05,93.50752938,152,0.8529547364,-14.70452636
153,1.621639341e-05,59804.15581,1.672124598e-05,1.622628159e-05,1.517278705e-05,1.426241983e-05,93.50748028,153,0.8529519778,-14.70480222
154,1.622628159e-05,59767.78891,1.673142036e-05,1.623611137e-05,1.518197077e-05,1.427105253e-05,93.50743182,154,0.8529492549,-14.70507451
155,1.623611137e-05,59731.68011,1.674153478e-05,1.62458835e-05,1.519110066e-05,1.427963462e-05,93.50738398,155,0.8529465673,-14.70534327
156,1.62458835e-05,59695.82591,1.675158999e-05,1.625559866e-05,1.520017738e-05,1.428816674e-05,93.50733676,156,0.8529439141,-14.70560859
157,1.625559866e-05,59660.22291,1.676158672e-05,1.626525756e-05,1.520920157e-05,1.429664948e-05,93.50729013,157,0.8529412948,-14.70587052
158,1.626525756e-05,59624.86775,1.677152567e-05,1.627486087e-05,1.521817388e-05,1.430508345e-05,93.50724409,158,0.8529387086,-14.70612914
159,1.627486087e-05,59589.75716,1.678140754e-05,1.628440926e-05,1.522709492e-05,1.431346922e-05,93.50719863,159,0.852936155,-14.7063845
160,1.628440926e-05,59554.8879,1.679123302e-05,1.62939034e-05,1.52359653e-05,1.432180738e-05,93.50715374,160,0.8529336333,-14.70663667
161,1.62939034e-05,59520.25683,1.680100277e-05,1.630334392e-05,1.524478564e-05,1.43300985e-05,93.50710941,161,0.852931143,-14.7068857
162,1.630334392e-05,59485.86085,1.681071747e-05,1.631273146e-05,1.525355651e-05,1.433834312e-05,93.50706562,162,0.8529286835,-14.70713165
163,1.631273146e-05,59451.69693,1.682037775e-05,1.632206663e-05,1.526227849e-05,1.434654178e-05,93.50702236,163,0.8529262541,-14.70737459
164,1.632206663e-05,59417.76207,1.682998425e-05,1.633135005e-05,1.527095217e-05,1.435469504e-05,93.50697964,164,0.8529238544,-14.70761456
165,1.633135005e-05,59384.05337,1.683953761e-05,1.634058232e-05,1.527957809e-05,1.43628034e-05,93.50693743,165,0.8529214838,-14.70785162
166,1.634058232e-05,59350.56795,1.684903843e-05,1.634976403e-05,1.52881568e-05,1.43708674e-05,93.50689572,166,0.8529191418,-14.70808582
167,1.634976403e-05,59317.30299,1.685848731e-05,1.635889576e-05,1.529668885e-05,1.437888752e-05,93.50685452,167,0.8529168279,-14.70831721
168,1.635889576e-05,59284.25574,1.686788486e-05,1.636797806e-05,1.530517477e-05,1.438686428e-05,93.5068138,168,0.8529145415,-14.70854585
169,1.636797806e-05,59251.42347,1.687723166e-05,1.637701151e-05,1.531361507e-05,1.439479817e-05,93.50677357,169,0.8529122822,-14.70877178
170,1.637701151e-05,59218.80354,1.688652827e-05,1.638599666e-05,1.532201028e-05,1.440268966e-05,93.50673381,170,0.8529100495,-14.70899505
171,1.638599666e-05,59186.39332,1.689577526e-05,1.639493404e-05,1.533036088e-05,1.441053923e-05,93.50669451,171,0.852907843,-14.7092157
172,1.639493404e-05,59154.19025,1.690497318e-05,1.640382418e-05,1.533866739e-05,1.441834735e-05,93.50665567,172,0.8529056621,-14.70943379
173,1.640382418e-05,59122.19181,1.691412259e-05,1.64126676e-05,1.534693028e-05,1.442611446e-05,93.50661728,173,0.8529035064,-14.70964936
174,1.64126676e-05,59090.39552,1.692322401e-05,1.642146483e-05,1.535515003e-05,1.443384103e-05,93.50657932,174,0.8529013756,-14.70986244
175,1.642146483e-05,59058.79896,1.693227796e-05,1.643021636e-05,1.536332712e-05,1.44415275e-05,93.5065418,175,0.8528992691,-14.71007309
176,1.643021636e-05,59027.39972,1.694128498e-05,1.643892268e-05,1.537146201e-05,1.444917429e-05,93.50650471,176,0.8528971865,-14.71028135
177,1.643892268e-05,58996.19547,1.695024555e-05,1.64475843e-05,1.537955515e-05,1.445678184e-05,93.50646803,177,0.8528951275,-14.71048725
178,1.64475843e-05,58965.1839,1.69591602e-05,1.645620168e-05,1.5387607e-05,1.446435058e-05,93.50643177,178,0.8528930917,-14.71069083
179,1.645620168e-05,58934.36275,1.69680294e-05,1.64647753e-05,1.539561798e-05,1.44718809e-05,93.50639591,179,0.8528910786,-14.71089214
180,1.64647753e-05,58903.72978,1.697685365e-05,1.647330563e-05,1.540358854e-05,1.447937323e-05,93.50636044,180,0.8528890879,-14.71109121
181,1.647330563e-05,58873.28282,1.698563342e-05,1.648179312e-05,1.54115191e-05,1.448682795e-05,93.50632537,181,0.8528871193,-14.71128807
182,1.648179312e-05,58843.0197,1.699436917e-05,1.649023822e-05,1.541941008e-05,1.449424548e-05,93.50629068,182,0.8528851722,-14.71148278
183,1.649023822e-05,58812.93832,1.700306138e-05,1.649864137e-05,1.54272619e-05,1.450162619e-05,93.50625637,183,0.8528832465,-14.71167535
184,1.649864137e-05,58783.0366,1.701171048e-05,1.650700302e-05,1.543507496e-05,1.450897046e-05,93.50622244,184,0.8528813417,-14.71186583
185,1.650700302e-05,58753.31249,1.702031694e-05,1.651532358e-05,1.544284966e-05,1.451627868e-05,93.50618887,185,0.8528794575,-14.71205425
186,1.651532358e-05,58723.76399,1.702888119e-05,1.652360348e-05,1.545058639e-05,1.452355121e-05,93.50615566,186,0.8528775936,-14.71224064
187,1.652360348e-05,58694.38912,1.703740366e-05,1.653184314e-05,1.545828555e-05,1.453078842e-05,93.5061228,187,0.8528757496,-14.71242504
188,1.653184314e-05,58665.18593,1.704588478e-05,1.654004297e-05,1.546594751e-05,1.453799066e-05,93.50609029,188,0.8528739253,-14.71260747
189,1.654004297e-05,58636.15251,1.705432497e-05,1.654820336e-05,1.547357266e-05,1.45451583e-05,93.50605813,189,0.8528721203,-14.71278797
190,1.654820336e-05,58607.28699,1.706272464e-05,1.655632472e-05,1.548116135e-05,1.455229167e-05,93.5060263,190,0.8528703343,-14.71296657
191,1.655632472e-05,58578.58752,1.70710842e-05,1.656440744e-05,1.548871396e-05,1.455939112e-05,93.50599481,191,0.852868567,-14.7131433
192,1.656440744e-05,58550.05227,1.707940405e-05,1.657245189e-05,1.549623084e-05,1.456645699e-05,93.50596365,192,0.8528668181,-14.71331819
193,1.657245189e-05,58521.67946,1.708768459e-05,1.658045846e-05,1.550371235e-05,1.457348961e-05,93.5059328,193,0.8528650874,-14.71349126
194,1.658045846e-05,58493.46732,1.709592619e-05,1.658842753e-05,1.551115883e-05,1.45804893e-05,93.50590228,194,0.8528633745,-14.71366255
195,1.658842753e-05,58465.41412,1.710412925e-05,1.659635945e-05,1.551857064e-05,1.45874564e-05,93.50587206,195,0.8528616792,-14.71383208
196,1.659635945e-05,58437.51815,1.711229415e-05,1.66042546e-05,1.552594809e-05,1.459439121e-05,93.50584216,196,0.8528600012,-14.71399988
197,1.66042546e-05,58409.77775,1.712042125e-05,1.661211332e-05,1.553329154e-05,1.460129405e-05,93.50581256,197,0.8528583402,-14.71416598
198,1.661211332e-05,58382.19124,1.712851092e-05,1.661993597e-05,1.554060131e-05,1.460816523e-05,93.50578325,198,0.8528566961,-14.71433039
199,1.661993597e-05,58354.75701,1.713656352e-05,1.66277229e-05,1.554787771e-05,1.461500505e-05,93.50575424,199,0.8528550685,-14.71449315
200,1.66277229e-05,58327.47346,1.71445794e-05,1.663547445e-05,1.555512108e-05,1.462181381e-05,93.50572552,200,0.8528534571,-14.71465429
201,1.663547445e-05,58300.339,1.715255892e-05,1.664319095e-05,1.556233172e-05,1.462859181e-05,93.50569709,201,0.8528518618,-14.71481382
202,1.664319095e-05,58273.35209,1.716050243e-05,1.665087274e-05,1.556950994e-05,1.463533934e-05,93.50566893,202,0.8528502823,-14.71497177
203,1.665087274e-05,58246.5112,1.716841025e-05,1.665852013e-05,1.557665604e-05,1.464205668e-05,93.50564106,203,0.8528487184,-14.71512816
204,1.665852013e-05,58219.81482,1.717628273e-05,1.666613347e-05,1.558377034e-05,1.464874412e-05,93.50561345,204,0.8528471698,-14.71528302
205,1.666613347e-05,58193.26147,1.71841202e-05,1.667371305e-05,1.559085311e-05,1.465540193e-05,93.50558612,205,0.8528456364,-14.71543636
206,1.667371305e-05,58166.84969,1.719192298e-05,1.66812592e-05,1.559790467e-05,1.466203039e-05,93.50555905,206,0.8528441178,-14.71558822
207,1.66812592e-05,58140.57804,1.71996914e-05,1.668877222e-05,1.560492529e-05,1.466862977e-05,93.50553224,207,0.8528426139,-14.71573861
208,1.668877222e-05,58114.4451,1.720742576e-05,1.669625242e-05,1.561191525e-05,1.467520034e-05,93.50550568,208,0.8528411245,-14.71588755
209,1.669625242e-05,58088.44949,1.72151264e-05,1.67037001e-05,1.561887485e-05,1.468174236e-05,93.50547939,209,0.8528396494,-14.71603506
210,1.67037001e-05,58062.58981,1.72227936e-05,1.671111555e-05,1.562580435e-05,1.468825609e-05,93.50545334,210,0.8528381883,-14.71618117
211,1.671111555e-05,58036.86472,1.723042767e-05,1.671849906e-05,1.563270403e-05,1.469474178e-05,93.50542753,211,0.852836741,-14.7163259
212,1.671849906e-05,58011.27289,1.723802892e-05,1.672585093e-05,1.563957415e-05,1.47011997e-05,93.50540198,212,0.8528353075,-14.71646925
213,1.672585093e-05,57985.81299,1.724559764e-05,1.673317144e-05,1.564641498e-05,1.470763008e-05,93.50537666,213,0.8528338874,-14.71661126
214,1.673317144e-05,57960.48374,1.725313413e-05,1.674046086e-05,1.565322678e-05,1.471403317e-05,93.50535157,214,0.8528324805,-14.71675195
215,1.674046086e-05,57935.28385,1.726063866e-05,1.674771947e-05,1.566000981e-05,1.472040922e-05,93.50532672,215,0.8528310868,-14.71689132
216,1.674771947e-05,57910.21207,1.726811152e-05,1.675494756e-05,1.566676433e-05,1.472675847e-05,93.5053021,216,0.852829706,-14.7170294
217,1.675494756e-05,57885.26714,1.727555299e-05,1.676214537e-05,1.567349058e-05,1.473308114e-05,93.50527771,217,0.8528283379,-14.71716621
218,1.676214537e-05,57860.44786,1.728296335e-05,1.676931319e-05,1.568018881e-05,1.473937748e-05,93.50525354,218,0.8528269824,-14.71730176
219,1.676931319e-05,57835.75301,1.729034287e-05,1.677645126e-05,1.568685927e-05,1.474564771e-05,93.50522959,219,0.8528256392,-14.71743608
220,1.677645126e-05,57811.18141,1.729769182e-05,1.678355986e-05,1.56935022e-05,1.475189207e-05,93.50520586,220,0.8528243083,-14.71756917
221,1.678355986e-05,57786.73188,1.730501047e-05,1.679063923e-05,1.570011783e-05,1.475811076e-05,93.50518234,221,0.8528229894,-14.71770106
222,1.679063923e-05,57762.40326,1.731229907e-05,1.679768963e-05,1.57067064e-05,1.476430402e-05,93.50515903,222,0.8528216824,-14.71783176
223,1.679768963e-05,57738.19442,1.731955788e-05,1.68047113e-05,1.571326814e-05,1.477047205e-05,93.50513593,223,0.8528203872,-14.71796128
224,1.68047113e-05,57714.10423,1.732678716e-05,1.681170449e-05,1.571980329e-05,1.477661509e-05,93.50511304,224,0.8528191035,-14.71808965
225,1.681170449e-05,57690.13159,1.733398716e-05,1.681866944e-05,1.572631206e-05,1.478273333e-05,93.50509035,225,0.8528178312,-14.71821688
226,1.681866944e-05,57666.27539,1.734115812e-05,1.682560639e-05,1.573279468e-05,1.478882699e-05,93.50506786,226,0.8528165702,-14.71834298
227,1.682560639e-05,57642.53457,1.73483003e-05,1.683251558e-05,1.573925136e-05,1.479489628e-05,93.50504557,227,0.8528153203,-14.71846797
228,1.683251558e-05,57618.90806,1.735541394e-05,1.683939723e-05,1.574568234e-05,1.48009414e-05,93.50502348,228,0.8528140814,-14.71859186
229,1.683939723e-05,57595.3948,1.736249927e-05,1.684625158e-05,1.575208781e-05,1.480696254e-05,93.50500157,229,0.8528128533,-14.71871467
230,1.684625158e-05,57571.99377,1.736955653e-05,1.685307886e-05,1.5758468e-05,1.481295992e-05,93.50497986,230,0.8528116359,-14.71883641
231,1.685307886e-05,57548.70394,1.737658595e-05,1.685987929e-05,1.57648231e-05,1.481893372e-05,93.50495834,231,0.852810429,-14.7189571
232,1.685987929e-05,57525.5243,1.738358776e-05,1.686665308e-05,1.577115334e-05,1.482488414e-05,93.504937,232,0.8528092326,-14.71907674
233,1.686665308e-05,57502.45387,1.739056219e-05,1.687340046e-05,1.57774589e-05,1.483081137e-05,93.50491584,233,0.8528080464,-14.71919536
234,1.687340046e-05,57479.49165,1.739750946e-05,1.688012165e-05,1.578374e-05,1.48367156e-05,93.50489486,234,0.8528068704,-14.71931296
235,1.688012165e-05,57456.63669,1.74044298e-05,1.688681685e-05,1.578999683e-05,1.484259702e-05,93.50487407,235,0.8528057044,-14.71942956
236,1.688681685e-05,57433.88802,1.741132343e-05,1.689348628e-05,1.579622958e-05,1.484845581e-05,93.50485344,236,0.8528045482,-14.71954518
237,1.689348628e-05,57411.24471,1.741819055e-05,1.690013014e-05,1.580243846e-05,1.485429215e-05,93.504833,237,0.8528034019,-14.71965981
238,1.690013014e-05,57388.70582,1.742503138e-05,1.690674864e-05,1.580862365e-05,1.486010623e-05,93.50481272,238,0.8528022651,-14.71977349
239,1.690674864e-05,57366.27044,1.743184614e-05,1.691334198e-05,1.581478535e-05,1.486589823e-05,93.50479261,239,0.8528011379,-14.71988621
240,1.691334198e-05,57343.93765,1.743863503e-05,1.691991037e-05,1.582092373e-05,1.48716683e-05,93.50477267,240,0.8528000201,-14.71999799
241,1.691991037e-05,57321.70658,1.744539826e-05,1.6926454e-05,1.582703898e-05,1.487741665e-05,93.5047529,241,0.8527989116,-14.72010884
242,1.6926454e-05,57299.57632,1.745213602e-05,1.693297306e-05,1.58331313e-05,1.488314342e-05,93.50473329,242,0.8527978122,-14.72021878
243,1.693297306e-05,57277.54601,1.745884853e-05,1.693946775e-05,1.583920085e-05,1.488884879e-05,93.50471384,243,0.8527967219,-14.72032781
244,1.693946775e-05,57255.61479,1.746553598e-05,1.694593826e-05,1.584524781e-05,1.489453294e-05,93.50469455,244,0.8527956405,-14.72043595
245,1.694593826e-05,57233.78181,1.747219856e-05,1.695238478e-05,1.585127236e-05,1.490019602e-05,93.50467541,245,0.852794568,-14.7205432
246,1.695238478e-05,57212.04622,1.747883647e-05,1.695880749e-05,1.585727468e-05,1.49058382e-05,93.50465643,246,0.8527935041,-14.72064959
247,1.695880749e-05,57190.40721,1.74854499e-05,1.696520658e-05,1.586325494e-05,1.491145964e-05,93.50463761,247,0.8527924489,-14.72075511
248,1.696520658e-05,57168.86395,1.749203904e-05,1.697158224e-05,1.58692133e-05,1.49170605e-05,93.50461894,248,0.8527914022,-14.72085978
249,1.697158224e-05,57147.41564,1.749860407e-05,1.697793463e-05,1.587514993e-05,1.492264094e-05,93.50460041,249,0.852790364,-14.7209636
250,1.697793463e-05,57126.06147,1.750514519e-05,1.698426394e-05,1.588106501e-05,1.492820111e-05,93.50458204,250,0.852789334,-14.7210666
251,1.698426394e-05,57104.80066,1.751166257e-05,1.699057034e-05,1.588695869e-05,1.493374116e-05,93.50456381,251,0.8527883123,-14.72116877
252,1.699057034e-05,57083.63243,1.751815639e-05,1.699685401e-05,1.589283113e-05,1.493926126e-05,93.50454572,252,0.8527872986,-14.72127014
253,1.699685401e-05,57062.55601,1.752462683e-05,1.700311512e-05,1.58986825e-05,1.494476155e-05,93.50452778,253,0.852786293,-14.7213707
254,1.700311512e-05,57041.57064,1.753107407e-05,1.700935384e-05,1.590451296e-05,1.495024218e-05,93.50450998,254,0.8527852953,-14.72147047
255,1.700935384e-05,57020.67557,1.753749828e-05,1.701557033e-05,1.591032265e-05,1.495570329e-05,93.50449232,255,0.8527843054,-14.72156946
256,1.701557033e-05,56999.87006,1.754389964e-05,1.702176477e-05,1.591611174e-05,1.496114504e-05,93.50447479,256,0.8527833233,-14.72166767
257,1.702176477e-05,56979.15338,1.755027831e-05,1.702793731e-05,1.592188039e-05,1.496656756e-05,93.5044574,257,0.8527823488,-14.72176512
258,1.702793731e-05,56958.52481,1.755663447e-05,1.703408812e-05,1.592762873e-05,1.4971971e-05,93.50444015,258,0.8527813819,-14.72186181
259,1.703408812e-05,56937.98362,1.756296828e-05,1.704021735e-05,1.593335692e-05,1.49773555e-05,93.50442303,259,0.8527804224,-14.72195776
260,1.704021735e-05,56917.52912,1.75692799e-05,1.704632518e-05,1.593906511e-05,1.49827212e-05,93.50440604,260,0.8527794703,-14.72205297
261,1.704632518e-05,56897.1606,1.757556949e-05,1.705241174e-05,1.594475344e-05,1.498806824e-05,93.50438918,261,0.8527785255,-14.72214745
262,1.705241174e-05,56876.87738,1.758183723e-05,1.705847721e-05,1.595042207e-05,1.499339674e-05,93.50437245,262,0.852777588,-14.7222412
263,1.705847721e-05,56856.67877,1.758808326e-05,1.706452173e-05,1.595607112e-05,1.499870685e-05,93.50435585,263,0.8527766576,-14.72233424
264,1.706452173e-05,56836.56411,1.759430774e-05,1.707054545e-05,1.596170075e-05,1.50039987e-05,93.50433937,264,0.8527757342,-14.72242658
265,1.707054545e-05,56816.53272,1.760051084e-05,1.707654852e-05,1.596731109e-05,1.500927242e-05,93.50432302,265,0.8527748178,-14.72251822
266,1.707654852e-05,56796.58395,1.76066927e-05,1.708253109e-05,1.597290228e-05,1.501452814e-05,93.50430679,266,0.8527739083,-14.72260917
267,1.708253109e-05,56776.71715,1.761285348e-05,1.708849332e-05,1.597847446e-05,1.5019766e-05,93.50429068,267,0.8527730056,-14.72269944
268,1.708849332e-05,56756.93167,1.761899332e-05,1.709443533e-05,1.598402777e-05,1.50249861e-05,93.50427469,268,0.8527721096,-14.72278904
269,1.709443533e-05,56737.22689,1.762511238e-05,1.710035728e-05,1.598956233e-05,1.503018859e-05,93.50425882,269,0.8527712203,-14.72287797
270,1.710035728e-05,56717.60216,1.76312108e-05,1.710625931e-05,1.599507829e-05,1.503537359e-05,93.50424307,270,0.8527703376,-14.72296624
271,1.710625931e-05,56698.05688,1.763728874e-05,1.711214156e-05,1.600057576e-05,1.504054122e-05,93.50422743,271,0.8527694614,-14.72305386
272,1.711214156e-05,56678.59043,1.764334632e-05,1.711800416e-05,1.600605489e-05,1.50456916e-05,93.50421191,272,0.8527685917,-14.72314083
273,1.711800416e-05,56659.2022,1.76493837e-05,1.712384726e-05,1.60115158e-05,1.505082485e-05,93.5041965,273,0.8527677283,-14.72322717
274,1.712384726e-05,56639.89159,1.765540102e-05,1.7129671e-05,1.601695861e-05,1.505594109e-05,93.50418121,274,0.8527668713,-14.72331287
275,1.7129671e-05,56620.65802,1.766139842e-05,1.713547549e-05,1.602238345e-05,1.506104045e-05,93.50416602,275,0.8527660204,-14.72339796
276,1.713547549e-05,56601.50088,1.766737603e-05,1.714126089e-05,1.602779045e-05,1.506612303e-05,93.50415095,276,0.8527651758,-14.72348242
277,1.714126089e-05,56582.41961,1.767333399e-05,1.714702731e-05,1.603317973e-05,1.507118895e-05,93.50413598,277,0.8527643372,-14.72356628
278,1.714702731e-05,56563.41363,1.767927244e-05,1.71527749e-05,1.603855142e-05,1.507623833e-05,93.50412112,278,0.8527635047,-14.72364953
279,1.71527749e-05,56544.48238,1.768519152e-05,1.715850377e-05,1.604390562e-05,1.508127128e-05,93.50410637,279,0.8527626782,-14.72373218
280,1.715850377e-05,56525.62528,1.769109134e-05,1.716421406e-05,1.604924246e-05,1.508628791e-05,93.50409172,280,0.8527618575,-14.72381425
281,1.716421406e-05,56506.8418,1.769697205e-05,1.71699059e-05,1.605456206e-05,1.509128834e-05,93.50407718,281,0.8527610427,-14.72389573
282,1.71699059e-05,56488.13137,1.770283378e-05,1.71755794e-05,1.605986454e-05,1.509627267e-05,93.50406274,282,0.8527602337,-14.72397663
283,1.71755794e-05,56469.49347,1.770867664e-05,1.71812347e-05,1.606515001e-05,1.510124101e-05,93.5040484,283,0.8527594304,-14.72405696
284,1.71812347e-05,56450.92754,1.771450078e-05,1.718687191e-05,1.607041858e-05,1.510619347e-05,93.50403416,284,0.8527586328,-14.72413672
285,1.718687191e-05,56432.43307,1.772030631e-05,1.719249115e-05,1.607567037e-05,1.511113015e-05,93.50402003,285,0.8527578407,-14.72421593
286,1.719249115e-05,56414.00952,1.772609337e-05,1.719809255e-05,1.608090549e-05,1.511605116e-05,93.50400599,286,0.8527570542,-14.72429458
287,1.719809255e-05,56395.65639,1.773186206e-05,1.720367623e-05,1.608612405e-05,1.512095661e-05,93.50399205,287,0.8527562732,-14.72437268
288,1.720367623e-05,56377.37314,1.773761253e-05,1.72092423e-05,1.609132617e-05,1.51258466e-05,93.5039782,288,0.8527554976,-14.72445024
289,1.72092423e-05,56359.15929,1.774334487e-05,1.721479087e-05,1.609651194e-05,1.513072122e-05,93.50396445,289,0.8527547274,-14.72452726
290,1.721479087e-05,56341.01431,1.774905923e-05,1.722032207e-05,1.610168148e-05,1.513558059e-05,93.5039508,290,0.8527539625,-14.72460375
291,1.722032207e-05,56322.93773,1.775475571e-05,1.722583601e-05,1.610683489e-05,1.51404248e-05,93.50393724,291,0.8527532029,-14.72467971
292,1.722583601e-05,56304.92903,1.776043443e-05,1.723133279e-05,1.611197228e-05,1.514525394e-05,93.50392377,292,0.8527524484,-14.72475516
293,1.723133279e-05,56286.98775,1.77660955e-05,1.723681254e-05,1.611709375e-05,1.515006813e-05,93.5039104,293,0.8527516992,-14.72483008
294,1.723681254e-05,56269.11339,1.777173905e-05,1.724227536e-05,1.612219941e-05,1.515486745e-05,93.50389711,294,0.852750955,-14.7249045
295,1.724227536e-05,56251.30549,1.777736519e-05,1.724772136e-05,1.612728936e-05,1.5159652e-05,93.50388392,295,0.8527502158,-14.72497842
296,1.724772136e-05,56233.56356,1.778297402e-05,1.725315066e-05,1.61323637e-05,1.516442188e-05,93.50387081,296,0.8527494817,-14.72505183
297,1.725315066e-05,56215.88714,1.778856567e-05,1.725856335e-05,1.613742253e-05,1.516917718e-05,93.5038578,297,0.8527487525,-14.72512475
298,1.725856335e-05,56198.27578,1.779414023e-05,1.726395955e-05,1.614246595e-05,1.5173918e-05,93.50384486,298,0.8527480282,-14.72519718
299,1.726395955e-05,56180.72901,1.779969783e-05,1.726933935e-05,1.614749406e-05,1.517864442e-05,93.50383202,299,0.8527473087,-14.72526913
300,1.726933935e-05,56163.24638,1.780523856e-05,1.727470287e-05,1.615250695e-05,1.518335654e-05,93.50381926,300,0.8527465941,-14.72534059
301,1.727470287e-05,56145.82745,1.781076254e-05,1.728005021e-05,1.615750473e-05,1.518805445e-05,93.50380659,301,0.8527458842,-14.72541158
302,1.728005021e-05,56128.47176,1.781626986e-05,1.728538147e-05,1.616248748e-05,1.519273823e-05,93.503794,302,0.852745179,-14.7254821
303,1.728538147e-05,56111.17889,1.782176065e-05,1.729069675e-05,1.616745531e-05,1.519740799e-05,93.50378149,303,0.8527444784,-14.72555216
304,1.729069675e-05,56093.9484,1.7827235e-05,1.729599615e-05,1.61724083e-05,1.52020638e-05,93.50376907,304,0.8527437825,-14.72562175
305,1.729599615e-05,56076.77986,1.783269301e-05,1.730127977e-05,1.617734655e-05,1.520670576e-05,93.50375672,305,0.8527430911,-14.72569089
306,1.730127977e-05,56059.67284,1.783813478e-05,1.730654772e-05,1.618227015e-05,1.521133394e-05,93.50374446,306,0.8527424043,-14.72575957
307,1.730654772e-05,56042.62693,1.784356043e-05,1.731180007e-05,1.618717919e-05,1.521594844e-05,93.50373228,307,0.8527417219,-14.72582781
308,1.731180007e-05,56025.6417,1.784897004e-05,1.731703695e-05,1.619207377e-05,1.522054934e-05,93.50372017,308,0.8527410439,-14.72589561
309,1.731703695e-05,56008.71675,1.785436371e-05,1.732225843e-05,1.619695396e-05,1.522513673e-05,93.50370815,309,0.8527403704,-14.72596296
310,1.732225843e-05,55991.85167,1.785974156e-05,1.732746461e-05,1.620181987e-05,1.522971068e-05,93.5036962,310,0.8527397012,-14.72602988
311,1.732746461e-05,55975.04604,1.786510366e-05,1.73326556e-05,1.620667157e-05,1.523427128e-05,93.50368433,311,0.8527390363,-14.72609637
312,1.73326556e-05,55958.29948,1.787045013e-05,1.733783147e-05,1.621150916e-05,1.523881861e-05,93.50367253,312,0.8527383757,-14.72616243
313,1.733783147e-05,55941.61159,1.787578104e-05,1.734299233e-05,1.621633272e-05,1.524335276e-05,93.50366081,313,0.8527377192,-14.72622808
314,1.734299233e-05,55924.98197,1.788109651e-05,1.734813826e-05,1.622114233e-05,1.524787379e-05,93.50364917,314,0.852737067,-14.7262933
315,1.734813826e-05,55908.41023,1.788639662e-05,1.735326936e-05,1.622593809e-05,1.52523818e-05,93.5036376,315,0.8527364189,-14.72635811
316,1.735326936e-05,55891.896,1.789168147e-05,1.735838571e-05,1.623072007e-05,1.525687686e-05,93.5036261,316,0.8527357749,-14.72642251
317,1.735838571e-05,55875.43888,1.789695115e-05,1.73634874e-05,1.623548835e-05,1.526135905e-05,93.50361467,317,0.852735135,-14.7264865
318,1.73634874e-05,55859.03851,1.790220574e-05,1.736857453e-05,1.624024303e-05,1.526582845e-05,93.50360332,318,0.8527344991,-14.72655009
319,1.736857453e-05,55842.69451,1.790744535e-05,1.737364717e-05,1.624498417e-05,1.527028512e-05,93.50359203,319,0.8527338672,-14.72661328
320,1.737364717e-05,55826.40651,1.791267005e-05,1.737870542e-05,1.624971187e-05,1.527472916e-05,93.50358082,320,0.8527332393,-14.72667607
321,1.737870542e-05,55810.17414,1.791787995e-05,1.738374936e-05,1.62544262e-05,1.527916063e-05,93.50356968,321,0.8527326152,-14.72673848
322,1.738374936e-05,55793.99704,1.792307512e-05,1.738877908e-05,1.625912724e-05,1.52835796e-05,93.50355861,322,0.8527319951,-14.72680049
323,1.738877908e-05,55777.87485,1.792825565e-05,1.739379466e-05,1.626381506e-05,1.528798616e-05,93.5035476,323,0.8527313788,-14.72686212
324,1.739379466e-05,55761.80721,1.793342164e-05,1.739879617e-05,1.626848976e-05,1.529238037e-05,93.50353666,324,0.8527307662,-14.72692338
325,1.739879617e-05,55745.79378,1.793857316e-05,1.740378372e-05,1.62731514e-05,1.529676231e-05,93.50352579,325,0.8527301575,-14.72698425
326,1.740378372e-05,55729.83421,1.79437103e-05,1.740875737e-05,1.627780006e-05,1.530113205e-05,93.50351499,326,0.8527295525,-14.72704475
327,1.740875737e-05,55713.92814,1.794883314e-05,1.741371721e-05,1.628243581e-05,1.530548966e-05,93.50350425,327,0.8527289512,-14.72710488
328,1.741371721e-05,55698.07524,1.795394178e-05,1.741866332e-05,1.628705874e-05,1.530983521e-05,93.50349358,328,0.8527283536,-14.72716464
329,1.741866332e-05,55682.27516,1.795903628e-05,1.742359577e-05,1.629166891e-05,1.531416877e-05,93.50348297,329,0.8527277596,-14.72722404
330,1.742359577e-05,55666.52758,1.796411674e-05,1.742851466e-05,1.62962664e-05,1.531849042e-05,93.50347243,330,0.8527271692,-14.72728308
331,1.742851466e-05,55650.83215,1.796918323e-05,1.743342005e-05,1.630085128e-05,1.532280021e-05,93.50346195,331,0.8527265823,-14.72734177
332,1.743342005e-05,55635.18855,1.797423584e-05,1.743831202e-05,1.630542363e-05,1.532709821e-05,93.50345153,332,0.852725999,-14.7274001
333,1.743831202e-05,55619.59645,1.797927464e-05,1.744319066e-05,1.630998352e-05,1.533138451e-05,93.50344118,333,0.8527254192,-14.72745808
334,1.744319066e-05,55604.05553,1.798429972e-05,1.744805603e-05,1.631453101e-05,1.533565915e-05,93.50343089,334,0.8527248429,-14.72751571
335,1.744805603e-05,55588.56546,1.798931114e-05,1.745290821e-05,1.631906618e-05,1.533992221e-05,93.50342066,335,0.85272427,-14.727573
336,1.745290821e-05,55573.12594,1.7994309e-05,1.745774728e-05,1.63235891e-05,1.534417376e-05,93.50341049,336,0.8527237006,-14.72762994
337,1.745774728e-05,55557.73663,1.799929336e-05,1.746257331e-05,1.632809984e-05,1.534841385e-05,93.50340038,337,0.8527231345,-14.72768655
338,1.746257331e-05,55542.39724,1.80042643e-05,1.746738638e-05,1.633259847e-05,1.535264256e-05,93.50339033,338,0.8527225717,-14.72774283
339,1.746738638e-05,55527.10746,1.800922191e-05,1.747218655e-05,1.633708505e-05,1.535685994e-05,93.50338034,339,0.8527220123,-14.72779877
340,1.747218655e-05,55511.86697,1.801416624e-05,1.747697391e-05,1.634155965e-05,1.536106607e-05,93.5033704,340,0.8527214562,-14.72785438
341,1.747697391e-05,55496.67547,1.801909739e-05,1.748174852e-05,1.634602234e-05,1.5365261e-05,93.50336053,341,0.8527209034,-14.72790966
342,1.748174852e-05,55481.53267,1.802401541e-05,1.748651045e-05,1.635047319e-05,1.53694448e-05,93.50335071,342,0.8527203537,-14.72796463
343,1.748651045e-05,55466.43826,1.80289204e-05,1.749125977e-05,1.635491226e-05,1.537361753e-05,93.50334096,343,0.8527198073,-14.72801927
344,1.749125977e-05,55451.39195,1.803381241e-05,1.749599656e-05,1.635933962e-05,1.537777924e-05,93.50333125,344,0.8527192641,-14.72807359
345,1.749599656e-05,55436.39344,1.803869151e-05,1.750072088e-05,1.636375533e-05,1.538193001e-05,93.50332161,345,0.852718724,-14.7281276
346,1.750072088e-05,55421.44246,1.804355779e-05,1.750543281e-05,1.636815946e-05,1.538606989e-05,93.50331202,346,0.852718187,-14.7281813
347,1.750543281e-05,55406.5387,1.804841132e-05,1.75101324e-05,1.637255206e-05,1.539019894e-05,93.50330248,347,0.8527176532,-14.72823468
348,1.75101324e-05,55391.68189,1.805325215e-05,1.751481973e-05,1.637693321e-05,1.539431722e-05,93.503293,348,0.8527171223,-14.72828777
349,1.751481973e-05,55376.87174,1.805808036e-05,1.751949487e-05,1.638130297e-05,1.539842479e-05,93.50328358,349,0.8527165946,-14.72834054
350,1.751949487e-05,55362.10797,1.806289603e-05,1.752415788e-05,1.638566139e-05,1.540252171e-05,93.5032742,350,0.8527160699,-14.72839301
351,1.752415788e-05,55347.3903,1.806769921e-05,1.752880882e-05,1.639000855e-05,1.540660803e-05,93.50326489,351,0.8527155481,-14.72844519
352,1.752880882e-05,55332.71847,1.807248998e-05,1.753344777e-05,1.639434449e-05,1.541068382e-05,93.50325562,352,0.8527150293,-14.72849707
353,1.753344777e-05,55318.0922,1.80772684e-05,1.753807479e-05,1.639866929e-05,1.541474913e-05,93.50324641,353,0.8527145135,-14.72854865
354,1.753807479e-05,55303.51121,1.808203454e-05,1.754268994e-05,1.640298299e-05,1.541880401e-05,93.50323724,354,0.8527140005,-14.72859995
355,1.754268994e-05,55288.97524,1.808678847e-05,1.754729328e-05,1.640728567e-05,1.542284853e-05,93.50322813,355,0.8527134905,-14.72865095
356,1.754729328e-05,55274.48402,1.809153025e-05,1.755188489e-05,1.641157738e-05,1.542688274e-05,93.50321908,356,0.8527129833,-14.72870167
357,1.755188489e-05,55260.0373,1.809625995e-05,1.755646481e-05,1.641585818e-05,1.543090669e-05,93.50321007,357,0.852712479,-14.7287521
358,1.755646481e-05,55245.63481,1.810097763e-05,1.756103313e-05,1.642012812e-05,1.543492043e-05,93.50320111,358,0.8527119775,-14.72880225
359,1.756103313e-05,55231.27628,1.810568336e-05,1.756558988e-05,1.642438727e-05,1.543892403e-05,93.5031922,359,0.8527114788,-14.72885212
360,1.756558988e-05,55216.96148,1.81103772e-05,1.757013515e-05,1.642863568e-05,1.544291754e-05,93.50318334,360,0.8527109828,-14.72890172
361,1.757013515e-05,55202.69013,1.81150592e-05,1.757466898e-05,1.643287341e-05,1.5446901e-05,93.50317453,361,0.8527104896,-14.72895104
362,1.757466898e-05,55188.462,1.811972945e-05,1.757919144e-05,1.643710051e-05,1.545087448e-05,93.50316577,362,0.8527099992,-14.72900008
363,1.757919144e-05,55174.27682,1.812438799e-05,1.758370259e-05,1.644131705e-05,1.545483802e-05,93.50315706,363,0.8527095114,-14.72904886
364,1.758370259e-05,55160.13436,1.812903488e-05,1.758820248e-05,1.644552307e-05,1.545879168e-05,93.5031484,364,0.8527090263,-14.72909737
365,1.758820248e-05,55146.03436,1.81336702e-05,1.759269119e-05,1.644971863e-05,1.546273551e-05,93.50313978,365,0.8527085439,-14.72914561
366,1.759269119e-05,55131.97658,1.8138294e-05,1.759716875e-05,1.645390379e-05,1.546666956e-05,93.50313121,366,0.8527080641,-14.72919359
367,1.759716875e-05,55117.96079,1.814290634e-05,1.760163525e-05,1.64580786e-05,1.547059388e-05,93.50312268,367,0.8527075869,-14.72924131
368,1.760163525e-05,55103.98673,1.814750727e-05,1.760609072e-05,1.646224311e-05,1.547450852e-05,93.50311421,368,0.8527071123,-14.72928877
369,1.760609072e-05,55090.05418,1.815209687e-05,1.761053522e-05,1.646639738e-05,1.547841353e-05,93.50310578,369,0.8527066403,-14.72933597
370,1.761053522e-05,55076.16291,1.815667518e-05,1.761496882e-05,1.647054146e-05,1.548230897e-05,93.50309739,370,0.8527061709,-14.72938291
371,1.761496882e-05,55062.31266,1.816124227e-05,1.761939158e-05,1.64746754e-05,1.548619487e-05,93.50308905,371,0.852705704,-14.7294296
372,1.761939158e-05,55048.50322,1.816579819e-05,1.762380353e-05,1.647879925e-05,1.549007129e-05,93.50308075,372,0.8527052395,-14.72947605
373,1.762380353e-05,55034.73435,1.8170343e-05,1.762820475e-05,1.648291307e-05,1.549393828e-05,93.5030725,373,0.8527047776,-14.72952224
374,1.762820475e-05,55021.00584,1.817487676e-05,1.763259528e-05,1.648701691e-05,1.549779589e-05,93.50306429,374,0.8527043182,-14.72956818
375,1.763259528e-05,55007.31744,1.817939952e-05,1.763697519e-05,1.649111081e-05,1.550164416e-05,93.50305613,375,0.8527038612,-14.72961388
376,1.763697519e-05,54993.66894,1.818391134e-05,1.764134452e-05,1.649519483e-05,1.550548314e-05,93.50304801,376,0.8527034066,-14.72965934
377,1.764134452e-05,54980.06011,1.818841227e-05,1.764570332e-05,1.649926902e-05,1.550931288e-05,93.50303993,377,0.8527029544,-14.72970456
378,1.764570332e-05,54966.49074,1.819290238e-05,1.765005166e-05,1.650333343e-05,1.551313342e-05,93.5030319,378,0.8527025047,-14.72974953
379,1.765005166e-05,54952.9606,1.819738171e-05,1.765438957e-05,1.65073881e-05,1.551694482e-05,93.5030239,379,0.8527020573,-14.72979427
380,1.765438957e-05,54939.46949,1.820185031e-05,1.765871713e-05,1.65114331e-05,1.552074711e-05,93.50301595,380,0.8527016123,-14.72983877
381,1.765871713e-05,54926.01718,1.820630826e-05,1.766303437e-05,1.651546845e-05,1.552454034e-05,93.50300805,381,0.8527011696,-14.72988304
382,1.766303437e-05,54912.60346,1.821075558e-05,1.766734135e-05,1.651949422e-05,1.552832456e-05,93.50300018,382,0.8527007292,-14.72992708
383,1.766734135e-05,54899.22812,1.821519235e-05,1.767163813e-05,1.652351045e-05,1.553209982e-05,93.50299235,383,0.8527002911,-14.72997089
384,1.767163813e-05,54885.89095,1.821961861e-05,1.767592474e-05,1.652751718e-05,1.553586615e-05,93.50298457,384,0.8526998553,-14.73001447
385,1.767592474e-05,54872.59174,1.822403441e-05,1.768020124e-05,1.653151447e-05,1.55396236e-05,93.50297682,385,0.8526994218,-14.73005782
386,1.768020124e-05,54859.33029,1.822843981e-05,1.768446769e-05,1.653550236e-05,1.554337222e-05,93.50296912,386,0.8526989905,-14.73010095
387,1.768446769e-05,54846.10639,1.823283485e-05,1.768872413e-05,1.65394809e-05,1.554711205e-05,93.50296145,387,0.8526985615,-14.73014385
388,1.768872413e-05,54832.91984,1.823721959e-05,1.76929706e-05,1.654345013e-05,1.555084313e-05,93.50295383,388,0.8526981346,-14.73018654
389,1.76929706e-05,54819.77044,1.824159408e-05,1.769720717e-05,1.654741011e-05,1.55545655e-05,93.50294624,389,0.85269771,-14.730229
390,1.769720717e-05,54806.65798,1.824595837e-05,1.770143387e-05,1.655136086e-05,1.555827921e-05,93.50293869,390,0.8526972875,-14.73027125
391,1.770143387e-05,54793.58227,1.825031251e-05,1.770565076e-05,1.655530245e-05,1.55619843e-05,93.50293118,391,0.8526968672,-14.73031328
392,1.770565076e-05,54780.54311,1.825465655e-05,1.770985789e-05,1.655923491e-05,1.556568082e-05,93.50292371,392,0.852696449,-14.7303551
393,1.770985789e-05,54767.54031,1.825899053e-05,1.771405529e-05,1.656315829e-05,1.556936879e-05,93.50291628,393,0.852696033,-14.7303967
394,1.771405529e-05,54754.57367,1.826331451e-05,1.771824303e-05,1.656707263e-05,1.557304827e-05,93.50290888,394,0.8526956191,-14.73043809
395,1.771824303e-05,54741.64301,1.826762854e-05,1.772242113e-05,1.657097798e-05,1.55767193e-05,93.50290153,395,0.8526952073,-14.73047927
396,1.772242113e-05,54728.74812,1.827193266e-05,1.772658966e-05,1.657487438e-05,1.558038192e-05,93.50289421,396,0.8526947975,-14.73052025
397,1.772658966e-05,54715.88883,1.827622691e-05,1.773074866e-05,1.657876187e-05,1.558403616e-05,93.50288692,397,0.8526943898,-14.73056102
398,1.773074866e-05,54703.06493,1.828051136e-05,1.773489817e-05,1.65826405e-05,1.558768207e-05,93.50287968,398,0.8526939842,-14.73060158
399,1.773489817e-05,54690.27626,1.828478604e-05,1.773903824e-05,1.65865103e-05,1.559131968e-05,93.50287246,399,0.8526935806,-14.73064194
400,1.773903824e-05,54677.52262,1.828905101e-05,1.774316891e-05,1.659037132e-05,1.559494904e-05,93.50286529,400,0.852693179,-14.7306821
401,1.774316891e-05,54664.80383,1.82933063e-05,1.774729023e-05,1.659422361e-05,1.559857019e-05,93.50285815,401,0.8526927795,-14.73072205
402,1.774729023e-05,54652.1197,1.829755196e-05,1.775140224e-05,1.65980672e-05,1.560218316e-05,93.50285105,402,0.8526923819,-14.73076181
403,1.775140224e-05,54639.47006,1.830178805e-05,1.775550499e-05,1.660190213e-05,1.5605788e-05,93.50284398,403,0.8526919863,-14.73080137
404,1.775550499e-05,54626.85473,1.830601459e-05,1.775959852e-05,1.660572845e-05,1.560938474e-05,93.50283695,404,0.8526915926,-14.73084074
405,1.775959852e-05,54614.27353,1.831023165e-05,1.776368287e-05,1.660954619e-05,1.561297342e-05,93.50282995,405,0.8526912009,-14.73087991
406,1.776368287e-05,54601.72629,1.831443927e-05,1.776775809e-05,1.66133554e-05,1.561655408e-05,93.50282298,406,0.8526908111,-14.73091889
407,1.776775809e-05,54589.21282,1.831863748e-05,1.777182423e-05,1.661715611e-05,1.562012675e-05,93.50281605,407,0.8526904233,-14.73095767
408,1.777182423e-05,54576.73296,1.832282634e-05,1.777588131e-05,1.662094838e-05,1.562369147e-05,93.50280916,408,0.8526900373,-14.73099627
409,1.777588131e-05,54564.28653,1.832700588e-05,1.777992939e-05,1.662473222e-05,1.562724829e-05,93.50280229,409,0.8526896533,-14.73103467
410,1.777992939e-05,54551.87336,1.833117615e-05,1.77839685e-05,1.662850769e-05,1.563079723e-05,93.50279547,410,0.8526892711,-14.73107289
411,1.77839685e-05,54539.49328,1.83353372e-05,1.778799869e-05,1.663227483e-05,1.563433834e-05,93.50278867,411,0.8526888907,-14.73111093
412,1.778799869e-05,54527.14613,1.833948906e-05,1.779202001e-05,1.663603366e-05,1.563787164e-05,93.50278191,412,0.8526885122,-14.73114878
413,1.779202001e-05,54514.83173,1.834363178e-05,1.779603248e-05,1.663978424e-05,1.564139718e-05,93.50277518,413,0.8526881356,-14.73118644
414,1.779603248e-05,54502.54993,1.83477654e-05,1.780003615e-05,1.664352659e-05,1.5644915e-05,93.50276848,414,0.8526877607,-14.73122393
415,1.780003615e-05,54490.30054,1.835188997e-05,1.780403107e-05,1.664726076e-05,1.564842512e-05,93.50276181,415,0.8526873877,-14.73126123
416,1.780403107e-05,54478.08342,1.835600552e-05,1.780801727e-05,1.665098679e-05,1.565192758e-05,93.50275518,416,0.8526870165,-14.73129835
417,1.780801727e-05,54465.8984,1.836011209e-05,1.781199479e-05,1.66547047e-05,1.565542242e-05,93.50274858,417,0.852686647,-14.7313353
418,1.781199479e-05,54453.74532,1.836420974e-05,1.781596367e-05,1.665841455e-05,1.565890967e-05,93.50274201,418,0.8526862793,-14.73137207
419,1.781596367e-05,54441.62402,1.836829849e-05,1.781992395e-05,1.666211635e-05,1.566238937e-05,93.50273547,419,0.8526859134,-14.73140866
420,1.781992395e-05,54429.53433,1.837237838e-05,1.782387567e-05,1.666581016e-05,1.566586155e-05,93.50272896,420,0.8526855492,-14.73144508
421,1.782387567e-05,54417.47611,1.837644947e-05,1.782781888e-05,1.666949601e-05,1.566932625e-05,93.50272249,421,0.8526851868,-14.73148132
422,1.782781888e-05,54405.44919,1.838051178e-05,1.783175359e-05,1.667317393e-05,1.567278349e-05,93.50271604,422,0.852684826,-14.7315174
423,1.783175359e-05,54393.45343,1.838456537e-05,1.783567987e-05,1.667684396e-05,1.567623332e-05,93.50270962,423,0.852684467,-14.7315533
424,1.783567987e-05,54381.48866,1.838861025e-05,1.783959774e-05,1.668050613e-05,1.567967576e-05,93.50270324,424,0.8526841097,-14.73158903
425,1.783959774e-05,54369.55473,1.839264649e-05,1.784350724e-05,1.668416048e-05,1.568311086e-05,93.50269688,425,0.852683754,-14.7316246
426,1.784350724e-05,54357.6515,1.839667411e-05,1.78474084e-05,1.668780705e-05,1.568653863e-05,93.50269056,426,0.8526834,-14.73166
427,1.78474084e-05,54345.7788,1.840069315e-05,1.785130128e-05,1.669144587e-05,1.568995912e-05,93.50268426,427,0.8526830477,-14.73169523
428,1.785130128e-05,54333.9365,1.840470366e-05,1.78551859e-05,1.669507697e-05,1.569337236e-05,93.502678,428,0.852682697,-14.7317303
429,1.78551859e-05,54322.12444,1.840870567e-05,1.785906229e-05,1.66987004e-05,1.569677837e-05,93.50267176,429,0.852682348,-14.7317652
430,1.785906229e-05,54310.34247,1.841269921e-05,1.786293051e-05,1.670231617e-05,1.57001772e-05,93.50266555,430,0.8526820006,-14.73179994
431,1.786293051e-05,54298.59045,1.841668433e-05,1.786679057e-05,1.670592433e-05,1.570356887e-05,93.50265937,431,0.8526816547,-14.73183453
432,1.786679057e-05,54286.86824,1.842066106e-05,1.787064253e-05,1.670952491e-05,1.570695342e-05,93.50265322,432,0.8526813105,-14.73186895
433,1.787064253e-05,54275.17568,1.842462945e-05,1.787448641e-05,1.671311795e-05,1.571033087e-05,93.5026471,433,0.8526809679,-14.73190321
434,1.787448641e-05,54263.51264,1.842858951e-05,1.787832225e-05,1.671670347e-05,1.571370126e-05,93.502641,434,0.8526806269,-14.73193731
435,1.787832225e-05,54251.87897,1.843254131e-05,1.788215008e-05,1.672028151e-05,1.571706462e-05,93.50263494,435,0.8526802874,-14.73197126
436,1.788215008e-05,54240.27453,1.843648486e-05,1.788596995e-05,1.67238521e-05,1.572042098e-05,93.5026289,436,0.8526799495,-14.73200505
437,1.788596995e-05,54228.69918,1.84404202e-05,1.788978188e-05,1.672741528e-05,1.572377037e-05,93.50262289,437,0.8526796131,-14.73203869
438,1.788978188e-05,54217.15279,1.844434738e-05,1.78935859e-05,1.673097108e-05,1.572711281e-05,93.5026169,438,0.8526792783,-14.73207217
439,1.78935859e-05,54205.63521,1.844826642e-05,1.789738207e-05,1.673451952e-05,1.573044835e-05,93.50261095,439,0.852678945,-14.7321055
440,1.789738207e-05,54194.1463,1.845217737e-05,1.79011704e-05,1.673806065e-05,1.573377701e-05,93.50260502,440,0.8526786132,-14.73213868
441,1.79011704e-05,54182.68593,1.845608025e-05,1.790495093e-05,1.674159449e-05,1.573709882e-05,93.50259912,441,0.8526782829,-14.73217171
442,1.790495093e-05,54171.25397,1.845997511e-05,1.79087237e-05,1.674512108e-05,1.574041381e-05,93.50259324,442,0.8526779542,-14.73220458
443,1.79087237e-05,54159.85028,1.846386197e-05,1.791248874e-05,1.674864044e-05,1.574372201e-05,93.50258739,443,0.8526776269,-14.73223731
444,1.791248874e-05,54148.47472,1.846774088e-05,1.791624608e-05,1.67521526e-05,1.574702345e-05,93.50258157,444,0.852677301,-14.7322699
445,1.791624608e-05,54137.12717,1.847161185e-05,1.791999575e-05,1.675565761e-05,1.575031815e-05,93.50257577,445,0.8526769767,-14.73230233
446,1.791999575e-05,54125.80749,1.847547494e-05,1.79237378e-05,1.675915548e-05,1.575360615e-05,93.50257,446,0.8526766538,-14.73233462
447,1.79237378e-05,54114.51555,1.847933017e-05,1.792747224e-05,1.676264625e-05,1.575688748e-05,93.50256426,447,0.8526763323,-14.73236677
448,1.792747224e-05,54103.25122,1.848317758e-05,1.793119912e-05,1.676612995e-05,1.576016215e-05,93.50255854,448,0.8526760123,-14.73239877
449,1.793119912e-05,54092.01438,1.84870172e-05,1.793491846e-05,1.676960661e-05,1.576343021e-05,93.50255284,449,0.8526756937,-14.73243063
450,1.793491846e-05,54080.80488,1.849084906e-05,1.79386303e-05,1.677307626e-05,1.576669168e-05,93.50254717,450,0.8526753765,-14.73246235
451,1.79386303e-05,54069.62262,1.849467319e-05,1.794233467e-05,1.677653892e-05,1.576994659e-05,93.50254153,451,0.8526750607,-14.73249393
452,1.794233467e-05,54058.46745,1.849848964e-05,1.79460316e-05,1.677999464e-05,1.577319496e-05,93.50253591,452,0.8526747463,-14.73252537
453,1.79460316e-05,54047.33926,1.850229842e-05,1.794972112e-05,1.678344343e-05,1.577643682e-05,93.50253032,453,0.8526744333,-14.73255667
454,1.794972112e-05,54036.23792,1.850609958e-05,1.795340326e-05,1.678688533e-05,1.577967221e-05,93.50252475,454,0.8526741217,-14.73258783
455,1.795340326e-05,54025.16331,1.850989315e-05,1.795707806e-05,1.679032036e-05,1.578290114e-05,93.50251921,455,0.8526738115,-14.73261885
456,1.795707806e-05,54014.1153,1.851367915e-05,1.796074554e-05,1.679374856e-05,1.578612364e-05,93.50251368,456,0.8526735026,-14.73264974
457,1.796074554e-05,54003.09377,1.851745762e-05,1.796440574e-05,1.679716995e-05,1.578933975e-05,93.50250819,457,0.8526731951,-14.73268049
458,1.796440574e-05,53992.0986,1.852122859e-05,1.796805868e-05,1.680058456e-05,1.579254948e-05,93.50250272,458,0.8526728889,-14.73271111
459,1.796805868e-05,53981.12967,1.852499209e-05,1.79717044e-05,1.680399242e-05,1.579575287e-05,93.50249727,459,0.852672584,-14.7327416
460,1.79717044e-05,53970.18686,1.852874815e-05,1.797534293e-05,1.680739355e-05,1.579894994e-05,93.50249184,460,0.8526722805,-14.73277195
461,1.797534293e-05,53959.27006,1.853249681e-05,1.797897429e-05,1.681078799e-05,1.580214071e-05,93.50248644,461,0.8526719783,-14.73280217
462,1.797897429e-05,53948.37913,1.853623809e-05,1.798259851e-05,1.681417577e-05,1.580532522e-05,93.50248106,462,0.8526716774,-14.73283226
463,1.798259851e-05,53937.51398,1.853997202e-05,1.798621563e-05,1.68175569e-05,1.580850349e-05,93.50247571,463,0.8526713778,-14.73286222
464,1.798621563e-05,53926.67447,1.854369864e-05,1.798982568e-05,1.682093142e-05,1.581167554e-05,93.50247038,464,0.8526710795,-14.73289205
465,1.798982568e-05,53915.86049,1.854741797e-05,1.799342867e-05,1.682429936e-05,1.58148414e-05,93.50246507,465,0.8526707825,-14.73292175
466,1.799342867e-05,53905.07194,1.855113005e-05,1.799702465e-05,1.682766074e-05,1.581800109e-05,93.50245978,466,0.8526704867,-14.73295133
467,1.799702465e-05,53894.30868,1.855483491e-05,1.800061364e-05,1.683101558e-05,1.582115465e-05,93.50245452,467,0.8526701922,-14.73298078
468,1.800061364e-05,53883.57062,1.855853256e-05,1.800419567e-05,1.683436392e-05,1.582430209e-05,93.50244928,468,0.852669899,-14.7330101
469,1.800419567e-05,53872.85764,1.856222305e-05,1.800777076e-05,1.683770578e-05,1.582744344e-05,93.50244406,469,0.852669607,-14.7330393
470,1.800777076e-05,53862.16963,1.85659064e-05,1.801133895e-05,1.684104119e-05,1.583057872e-05,93.50243887,470,0.8526693163,-14.73306837
471,1.801133895e-05,53851.50647,1.856958265e-05,1.801490026e-05,1.684437017e-05,1.583370796e-05,93.50243369,471,0.8526690268,-14.73309732
472,1.801490026e-05,53840.86806,1.857325181e-05,1.801845473e-05,1.684769276e-05,1.583683119e-05,93.50242854,472,0.8526687386,-14.73312614
473,1.801845473e-05,53830.25428,1.857691392e-05,1.802200237e-05,1.685100896e-05,1.583994843e-05,93.50242341,473,0.8526684515,-14.73315485
474,1.802200237e-05,53819.66502,1.858056901e-05,1.802554322e-05,1.685431882e-05,1.584305969e-05,93.5024183,474,0.8526681657,-14.73318343
475,1.802554322e-05,53809.10019,1.85842171e-05,1.80290773e-05,1.685762236e-05,1.584616502e-05,93.50241321,475,0.852667881,-14.7332119
476,1.80290773e-05,53798.55967,1.858785823e-05,1.803260465e-05,1.68609196e-05,1.584926442e-05,93.50240815,476,0.8526675976,-14.73324024
477,1.803260465e-05,53788.04335,1.859149242e-05,1.803612528e-05,1.686421056e-05,1.585235793e-05,93.5024031,477,0.8526673153,-14.73326847
478,1.803612528e-05,53777.55112,1.859511969e-05,1.803963922e-05,1.686749528e-05,1.585544556e-05,93.50239808,478,0.8526670343,-14.73329657
479,1.803963922e-05,53767.08289,1.859874009e-05,1.804314651e-05,1.687077377e-05,1.585852735e-05,93.50239308,479,0.8526667544,-14.73332456
480,1.804314651e-05,53756.63855,1.860235363e-05,1.804664716e-05,1.687404607e-05,1.586160331e-05,93.50238809,480,0.8526664757,-14.73335243
481,1.804664716e-05,53746.21799,1.860596033e-05,1.805014121e-05,1.687731219e-05,1.586467346e-05,93.50238313,481,0.8526661981,-14.73338019
482,1.805014121e-05,53735.8211,1.860956024e-05,1.805362868e-05,1.688057217e-05,1.586773784e-05,93.50237819,482,0.8526659217,-14.73340783
483,1.805362868e-05,53725.4478,1.861315337e-05,1.805710959e-05,1.688382601e-05,1.587079645e-05,93.50237327,483,0.8526656464,-14.73343536
484,1.805710959e-05,53715.09797,1.861673976e-05,1.806058398e-05,1.688707376e-05,1.587384934e-05,93.50236837,484,0.8526653723,-14.73346277
485,1.806058398e-05,53704.77151,1.862031942e-05,1.806405186e-05,1.689031543e-05,1.587689651e-05,93.50236349,485,0.8526650993,-14.73349007
486,1.806405186e-05,53694.46832,1.862389239e-05,1.806751327e-05,1.689355105e-05,1.587993799e-05,93.50235863,486,0.8526648274,-14.73351726
487,1.806751327e-05,53684.18831,1.862745869e-05,1.807096822e-05,1.689678064e-05,1.58829738e-05,93.50235379,487,0.8526645566,-14.73354434
488,1.807096822e-05,53673.93137,1.863101835e-05,1.807441675e-05,1.690000423e-05,1.588600397e-05,93.50234897,488,0.852664287,-14.7335713
489,1.807441675e-05,53663.6974,1.863457139e-05,1.807785888e-05,1.690322183e-05,1.588902852e-05,93.50234417,489,0.8526640184,-14.73359816
490,1.807785888e-05,53653.4863,1.863811783e-05,1.808129463e-05,1.690643347e-05,1.589204746e-05,93.50233939,490,0.852663751,-14.7336249
491,1.808129463e-05,53643.29799,1.864165772e-05,1.808472403e-05,1.690963918e-05,1.589506083e-05,93.50233463,491,0.8526634846,-14.73365154
492,1.808472403e-05,53633.13235,1.864519106e-05,1.80881471e-05,1.691283898e-05,1.589806864e-05,93.50232989,492,0.8526632193,-14.73367807
493,1.80881471e-05,53622.9893,1.864871789e-05,1.809156387e-05,1.691603288e-05,1.590107091e-05,93.50232517,493,0.8526629551,-14.73370449
494,1.809156387e-05,53612.86873,1.865223823e-05,1.809497437e-05,1.691922092e-05,1.590406766e-05,93.50232046,494,0.852662692,-14.7337308
495,1.809497437e-05,53602.77056,1.865575211e-05,1.80983786e-05,1.692240311e-05,1.590705893e-05,93.50231578,495,0.8526624299,-14.73375701
496,1.80983786e-05,53592.69468,1.865925955e-05,1.810177661e-05,1.692557949e-05,1.591004472e-05,93.50231111,496,0.8526621689,-14.73378311
497,1.810177661e-05,53582.64101,1.866276057e-05,1.810516842e-05,1.692875006e-05,1.591302505e-05,93.50230647,497,0.852661909,-14.7338091
498,1.810516842e-05,53572.60945,1.86662552e-05,1.810855404e-05,1.693191485e-05,1.591599996e-05,93.50230184,498,0.85266165,-14.733835
499,1.810855404e-05,53562.59991,1.866974347e-05,1.81119335e-05,1.693507389e-05,1.591896946e-05,93.50229723,499,0.8526613922,-14.73386078
500,1.81119335e-05,53552.61229,1.86732254e-05,1.811530683e-05,1.69382272e-05,1.592193357e-05,93.50229264,500,0.8526611353,-14.73388647
